id,player,pos,age,twopercent,freethrows,trbs,assists,steals,blocks,twopercentn,freethrowsn,trbsn,assistsn,stealsn,blocksn
0,Aaron Gray,C,27,0.516,0.532,5.7,0.6,0.4,0.3,0.326732673,0.522332506,0.291338583,0.094339623,0.266666667,0.038461538
1,Al Horford,C,26,0.544,0.644,10.2,3.2,1.1,1.1,0.419141914,0.661290323,0.645669291,0.58490566,0.733333333,0.346153846
2,Al Jefferson,C,29,0.512,0.69,10.8,2.1,0.9,1.1,0.313531353,0.718362283,0.692913386,0.377358491,0.6,0.346153846
3,Alex Len,C,21,0.523,0.707,6.6,0.4,0.5,1.5,0.349834983,0.739454094,0.362204724,0.056603774,0.333333333,0.5
4,Alexis Ajinca,C,25,0.548,0.836,4.9,0.7,0.4,0.8,0.432343234,0.899503722,0.228346457,0.113207547,0.266666667,0.230769231
5,Andray Blatche,C,26,0.524,0.685,5.1,1,1,0.7,0.353135314,0.712158809,0.244094488,0.169811321,0.666666667,0.192307692
6,Andre Drummond,C,20,0.625,0.418,13.2,0.4,1.2,1.6,0.686468647,0.3808933,0.881889764,0.056603774,0.8,0.538461538
7,Andrea Bargnani,C,26,0.474,0.873,5.5,2,0.6,0.5,0.188118812,0.945409429,0.275590551,0.358490566,0.4,0.115384615
8,Andrew Bogut,C,29,0.627,0.344,10,1.7,0.7,1.8,0.693069307,0.289081886,0.62992126,0.301886792,0.466666667,0.615384615
9,Andrew Bynum,C,24,0.56,0.692,11.8,1.4,0.5,1.9,0.471947195,0.720843672,0.771653543,0.245283019,0.333333333,0.653846154
10,Andris Biedrins,C,25,0.609,0.111,3.7,0.3,0.5,1,0.633663366,0,0.133858268,0.037735849,0.333333333,0.307692308
11,Anthony Davis,C,20,0.522,0.791,10,1.6,1.3,2.8,0.346534653,0.843672457,0.62992126,0.283018868,0.866666667,1
12,Aron Baynes,C,28,0.553,0.849,4.5,0.5,0.2,0.3,0.448844884,0.915632754,0.196850394,0.075471698,0.133333333,0.038461538
13,Bernard James,C,27,0.525,0.61,2.8,0.1,0.3,0.8,0.356435644,0.6191067,0.062992126,0,0.2,0.230769231
14,Bismack Biyombo,C,20,0.451,0.521,7.3,0.4,0.4,1.8,0.112211221,0.508684864,0.417322835,0.056603774,0.266666667,0.615384615
15,Brandan Wright,C,26,0.677,0.726,4.2,0.5,0.6,0.9,0.858085809,0.763027295,0.173228346,0.075471698,0.4,0.269230769
16,Brook Lopez,C,24,0.522,0.758,6.9,0.9,0.4,2.1,0.346534653,0.802729529,0.385826772,0.150943396,0.266666667,0.730769231
17,Byron Mullens,C,22,0.443,0.821,5,0.9,0.3,0.8,0.085808581,0.8808933,0.236220472,0.150943396,0.2,0.230769231
18,Chris Bosh,C,28,0.557,0.798,6.8,1.7,0.9,1.4,0.462046205,0.85235732,0.377952756,0.301886792,0.6,0.461538462
19,Chris Johnson,C,27,0.64,0.618,2,0.3,0.2,0.9,0.735973597,0.629032258,0,0.037735849,0.133333333,0.269230769
20,Chris Kaman,C,29,0.446,0.785,7.7,2.1,0.5,1.6,0.095709571,0.836228288,0.448818898,0.377358491,0.333333333,0.538461538
21,Chuck Hayes,C,28,0.435,0.667,4.3,1.4,0.7,0.3,0.059405941,0.689826303,0.181102362,0.245283019,0.466666667,0.038461538
22,Cody Zeller,C,22,0.463,0.778,5.8,1.6,0.6,0.8,0.151815182,0.827543424,0.299212598,0.283018868,0.4,0.230769231
23,Cole Aldrich,C,26,0.462,0.825,5.3,1.1,0.6,1,0.148514851,0.885856079,0.25984252,0.188679245,0.4,0.307692308
24,DeAndre Jordan,C,26,0.72,0.401,14.7,0.7,1,2.2,1,0.359801489,1,0.113207547,0.666666667,0.769230769
25,DeMarcus Cousins,C,24,0.47,0.796,12.3,3.2,1.4,1.6,0.174917492,0.849875931,0.811023622,0.58490566,0.933333333,0.538461538
26,Dewayne Dedmon,C,25,0.573,0.5,4.6,0.1,0.3,0.8,0.514851485,0.482630273,0.204724409,0,0.2,0.230769231
27,Dexter Pittman,C,23,0.468,0.643,2,0.3,0.2,0.2,0.168316832,0.660049628,0,0.037735849,0.133333333,0
28,Dwight Howard,C,26,0.579,0.491,14.5,1.9,1.5,2.1,0.534653465,0.47146402,0.984251969,0.339622642,1,0.730769231
29,Ekpe Udoh,C,24,0.433,0.754,4.2,0.9,0.7,1.7,0.052805281,0.797766749,0.173228346,0.150943396,0.466666667,0.576923077
30,Enes Kanter,C,22,0.51,0.769,8.3,0.7,0.5,0.3,0.306930693,0.816377171,0.496062992,0.113207547,0.333333333,0.038461538
31,Festus Ezeli,C,23,0.438,0.531,4,0.3,0.3,0.9,0.069306931,0.521091811,0.157480315,0.037735849,0.2,0.269230769
32,Gorgui Dieng,C,25,0.499,0.787,8.6,2,0.9,1.6,0.270627063,0.838709677,0.519685039,0.358490566,0.6,0.538461538
33,Greg Monroe,C,22,0.488,0.689,9.6,3.5,1.3,0.7,0.234323432,0.717121588,0.598425197,0.641509434,0.866666667,0.192307692
34,Greg Smith,C,22,0.623,0.623,4.6,0.4,0.3,0.6,0.679867987,0.635235732,0.204724409,0.056603774,0.2,0.153846154
35,Greg Stiemsma,C,27,0.457,0.768,3.4,0.4,0.6,1.2,0.132013201,0.815136476,0.11023622,0.056603774,0.4,0.384615385
36,Gustavo Ayon,C,27,0.551,0.4,3.6,1.3,0.4,0.3,0.442244224,0.358560794,0.125984252,0.226415094,0.266666667,0.038461538
37,Hamed Haddadi,C,26,0.553,0.692,2,0.2,0,0.7,0.448844884,0.720843672,0,0.018867925,0,0.192307692
38,Hasheem Thabeet,C,25,0.604,0.604,3,0.2,0.5,0.9,0.617161716,0.611662531,0.078740157,0.018867925,0.333333333,0.269230769
39,Hassan Whiteside,C,25,0.626,0.53,9.9,0.1,0.5,2.4,0.689768977,0.519851117,0.622047244,0,0.333333333,0.846153846
40,Henry Sims,C,23,0.476,0.744,5.2,1.1,0.6,0.4,0.194719472,0.785359801,0.251968504,0.188679245,0.4,0.076923077
41,Ian Mahinmi,C,28,0.579,0.355,6.4,0.6,0.5,0.7,0.534653465,0.302729529,0.346456693,0.094339623,0.333333333,0.192307692
42,J.J. Hickson,C,24,0.563,0.679,10.4,1.1,0.6,0.6,0.481848185,0.70471464,0.661417323,0.188679245,0.4,0.153846154
43,Jason Smith,C,26,0.496,0.843,3.6,0.7,0.3,0.9,0.260726073,0.908188586,0.125984252,0.113207547,0.2,0.269230769
44,JaVale McGee,C,24,0.556,0.461,7.8,0.5,0.6,2.2,0.458745875,0.434243176,0.456692913,0.075471698,0.4,0.769230769
45,Jeff Withey,C,23,0.539,0.712,2.6,0.4,0.3,0.9,0.402640264,0.745657568,0.047244094,0.056603774,0.2,0.269230769
46,Jeremy Tyler,C,20,0.423,0.558,3.3,0.4,0.4,0.5,0.01980198,0.554590571,0.102362205,0.056603774,0.266666667,0.115384615
47,Jerome Jordan,C,28,0.545,0.842,2.6,0.3,0.2,0.4,0.422442244,0.906947891,0.047244094,0.037735849,0.133333333,0.076923077
48,Joakim Noah,C,28,0.476,0.737,11.3,5.4,1.2,1.5,0.194719472,0.776674938,0.732283465,1,0.8,0.5
49,Joel Anthony,C,29,0.559,0.69,3.9,0.1,0.6,1.3,0.468646865,0.718362283,0.149606299,0,0.4,0.423076923
50,Joel Freeland,C,27,0.465,0.842,4.2,0.4,0.1,0.5,0.158415842,0.906947891,0.173228346,0.056603774,0.066666667,0.115384615
51,Johan Petro,C,26,0.417,0.838,3.8,0.8,0.4,0.4,0,0.901985112,0.141732283,0.132075472,0.266666667,0.076923077
52,John Henson,C,24,0.574,0.624,4.5,0.8,0.4,1.8,0.518151815,0.636476427,0.196850394,0.132075472,0.266666667,0.615384615
53,Jonas Valanciunas,C,22,0.567,0.798,8.6,0.4,0.4,1.1,0.495049505,0.85235732,0.519685039,0.056603774,0.266666667,0.346153846
54,Jordan Hill,C,27,0.465,0.753,8,1.4,0.5,0.8,0.158415842,0.796526055,0.472440945,0.245283019,0.333333333,0.230769231
55,Jordan Williams,C,21,0.507,0.652,3.6,0.3,0.5,0.3,0.297029703,0.671215881,0.125984252,0.037735849,0.333333333,0.038461538
56,Josh Harrellson,C,24,0.51,0.714,2.4,0.5,0.2,0.5,0.306930693,0.748138958,0.031496063,0.075471698,0.133333333,0.115384615
57,Jusuf Nurkic,C,20,0.439,0.674,6.6,0.9,0.9,1.3,0.072607261,0.698511166,0.362204724,0.150943396,0.6,0.423076923
58,Kelly Olynyk,C,23,0.554,0.667,5.1,1.8,1,0.7,0.452145215,0.689826303,0.244094488,0.320754717,0.666666667,0.192307692
59,Kendrick Perkins,C,27,0.489,0.652,6.6,1.2,0.4,1.1,0.237623762,0.671215881,0.362204724,0.20754717,0.266666667,0.346153846
60,Kevin Seraphin,C,23,0.461,0.693,4.4,0.7,0.3,0.7,0.145214521,0.722084367,0.188976378,0.113207547,0.2,0.192307692
61,Kosta Koufos,C,23,0.582,0.558,6.9,0.4,0.5,1.3,0.544554455,0.554590571,0.385826772,0.056603774,0.333333333,0.423076923
62,Kyle O'Quinn,C,23,0.505,0.687,5.3,1.1,0.6,1.3,0.290429043,0.714640199,0.25984252,0.188679245,0.4,0.423076923
63,Larry Sanders,C,24,0.507,0.618,9.5,1.2,0.7,2.8,0.297029703,0.629032258,0.590551181,0.20754717,0.466666667,1
64,Lavoy Allen,C,23,0.455,0.717,5,0.9,0.3,0.7,0.125412541,0.751861042,0.236220472,0.150943396,0.2,0.192307692
65,Marc Gasol,C,27,0.489,0.748,8.9,3.1,1,1.9,0.237623762,0.790322581,0.543307087,0.566037736,0.666666667,0.653846154
66,Marcin Gortat,C,27,0.557,0.649,10,0.9,0.7,1.5,0.462046205,0.667493797,0.62992126,0.150943396,0.466666667,0.5
67,Marreese Speights,C,25,0.448,0.771,4.9,0.6,0.3,0.7,0.102310231,0.818858561,0.228346457,0.094339623,0.2,0.192307692
68,Mason Plumlee,C,24,0.58,0.493,6.6,0.9,0.8,0.9,0.537953795,0.473945409,0.362204724,0.150943396,0.533333333,0.269230769
69,Meyers Leonard,C,22,0.607,0.917,4,0.4,0.2,0.2,0.627062706,1,0.157480315,0.056603774,0.133333333,0
70,Miles Plumlee,C,25,0.517,0.561,7.8,0.5,0.6,1.1,0.330033003,0.558312655,0.456692913,0.075471698,0.4,0.346153846
71,Miroslav Raduljica,C,26,0.54,0.818,2.3,0.5,0.1,0.3,0.405940594,0.877171216,0.023622047,0.075471698,0.066666667,0.038461538
72,Nene Hilario,C,29,0.542,0.673,7.5,2.1,1.1,1,0.412541254,0.697270471,0.433070866,0.377358491,0.733333333,0.307692308
73,Nikola Pekovic,C,28,0.541,0.747,8.7,0.9,0.6,0.4,0.409240924,0.789081886,0.527559055,0.150943396,0.4,0.076923077
74,Nikola Vucevic,C,24,0.529,0.765,11.2,1.9,0.8,0.7,0.369636964,0.811414392,0.724409449,0.339622642,0.533333333,0.192307692
75,Omer Asik,C,26,0.542,0.562,11.7,0.9,0.6,1.1,0.412541254,0.55955335,0.763779528,0.150943396,0.4,0.346153846
76,Robert Sacre,C,24,0.477,0.681,3.9,0.8,0.4,0.7,0.198019802,0.70719603,0.149606299,0.132075472,0.266666667,0.192307692
77,Robin Lopez,C,25,0.552,0.818,8.5,0.9,0.3,1.7,0.445544554,0.877171216,0.511811024,0.150943396,0.2,0.576923077
78,Roy Hibbert,C,25,0.498,0.711,8.8,1.7,0.5,2,0.267326733,0.744416873,0.535433071,0.301886792,0.333333333,0.692307692
79,Rudy Gobert,C,22,0.62,0.622,8.6,1.2,0.7,2.3,0.669966997,0.633995037,0.519685039,0.20754717,0.466666667,0.807692308
80,Ryan Hollins,C,28,0.614,0.75,2.3,0.2,0.1,0.6,0.650165017,0.79280397,0.023622047,0.018867925,0.066666667,0.153846154
81,Samardo Samuels,C,23,0.455,0.701,3.3,0.4,0.4,0.4,0.125412541,0.732009926,0.102362205,0.056603774,0.266666667,0.076923077
82,Shelden Williams,C,28,0.478,0.731,6,0.6,0.8,0.7,0.201320132,0.769230769,0.31496063,0.094339623,0.533333333,0.192307692
83,Spencer Hawes,C,25,0.478,0.783,8.3,3,0.6,1.2,0.201320132,0.833746898,0.496062992,0.547169811,0.4,0.384615385
84,Steven Adams,C,21,0.547,0.522,7.1,1,0.4,1.3,0.429042904,0.509925558,0.401574803,0.169811321,0.266666667,0.423076923
85,Tarik Black,C,23,0.558,0.557,5.3,0.6,0.2,0.3,0.465346535,0.553349876,0.25984252,0.094339623,0.133333333,0.038461538
86,Tiago Splitter,C,29,0.528,0.699,6.2,1.5,0.5,0.5,0.366336634,0.729528536,0.330708661,0.264150943,0.333333333,0.115384615
87,Timofey Mozgov,C,28,0.549,0.733,7.5,0.6,0.4,1.3,0.435643564,0.771712159,0.433070866,0.094339623,0.266666667,0.423076923
88,Tyler Zeller,C,25,0.538,0.813,5.7,1.3,0.2,0.7,0.399339934,0.870967742,0.291338583,0.226415094,0.133333333,0.192307692
89,Tyson Chandler,C,29,0.683,0.689,9.9,0.9,0.9,1.4,0.877887789,0.717121588,0.622047244,0.150943396,0.6,0.461538462
90,Vitor Faverani,C,25,0.486,0.649,3.5,0.4,0.4,0.7,0.227722772,0.667493797,0.118110236,0.056603774,0.266666667,0.192307692
91,Zaza Pachulia,C,27,0.499,0.741,7.9,1.4,0.9,0.5,0.270627063,0.781637717,0.464566929,0.245283019,0.6,0.115384615
