id,player,pos,age,twopercent,freethrows,trbs,assists,steals,blocks,twopercentn,freethrowsn,trbsn,assistsn,stealsn,blocksn,,,,
0,Aaron Gordon,PF,19,0.545,0.674,3.1,0.6,0.3,0.4,-1.8455,0.843037975,5.5,-0.081818182,0.046511628,0.15,,,,
1,Amar'e Stoudemire,PF,29,0.491,0.765,7.8,1.1,0.8,1,-1.8509,1.073417722,15.17078189,-0.036363636,0.162790698,0.45,,,,
2,Amir Johnson,PF,26,0.593,0.636,6.6,1.5,0.7,1.1,-1.8407,0.746835443,12.70164609,0,0.139534884,0.5,,,,
3,Andray Blatche,PF,27,0.494,0.742,5.3,1.5,1,0.5,-1.8506,1.015189873,10.02674897,0,0.209302326,0.2,,,,
4,Andre Roberson,PF,22,0.564,0.7,2.4,0.4,0.5,0.3,-1.8436,0.908860759,4.059670782,-0.1,0.093023256,0.1,,,,
5,Andrea Bargnani,PF,27,0.436,0.844,3.7,1.1,0.6,0.7,-1.8564,1.273417722,6.734567901,-0.036363636,0.11627907,0.3,,,,
6,Andrew Nicholson,PF,23,0.527,0.798,3.4,0.6,0.3,0.4,-1.8473,1.156962025,6.117283951,-0.081818182,0.046511628,0.15,,,,
7,Anthony Bennett,PF,21,0.426,0.629,3.8,0.8,0.4,0.3,-1.8574,0.729113924,6.940329218,-0.063636364,0.069767442,0.1,,,,
8,Anthony Davis,PF,21,0.55,0.827,10.4,1.9,1.4,2.9,-1.845,1.230379747,20.52057613,0.036363636,0.302325581,1.4,,,,
9,Anthony Randolph,PF,22,0.472,0.762,3.6,0.6,0.4,1,-1.8528,1.065822785,6.528806584,-0.081818182,0.069767442,0.45,,,,
10,Anthony Tolliver,PF,28,0.45,0.805,2.6,0.7,0.3,0.2,-1.855,1.174683544,4.471193416,-0.072727273,0.046511628,0.05,,,,
11,Arnett Moultrie,PF,22,0.582,0.643,3.1,0.2,0.4,0.2,-1.8418,0.764556962,5.5,-0.118181818,0.069767442,0.05,,,,
12,Blake Griffin,PF,24,0.537,0.715,9.5,3.9,1.2,0.6,-1.8463,0.946835443,18.66872428,0.218181818,0.255813953,0.25,,,,
13,Boris Diaw,PF,29,0.496,0.629,4.9,3.6,0.6,0.4,-1.8504,0.729113924,9.203703704,0.190909091,0.11627907,0.15,,,,
14,Brandan Wright,PF,27,0.665,0.736,4,0.5,0.6,1.1,-1.8335,1,7.351851852,-0.090909091,0.11627907,0.5,,,,
15,Brandon Bass,PF,26,0.479,0.81,6.2,0.9,0.6,0.9,-1.8521,1.187341772,11.87860082,-0.054545455,0.11627907,0.4,,,,
16,Brandon Davies,PF,22,0.441,0.642,2.1,0.5,0.5,0.2,-1.8559,0.762025316,3.442386831,-0.090909091,0.093023256,0.05,,,,
17,Byron Mullens,PF,23,0.425,0.646,6.4,1.5,0.6,0.6,-1.8575,0.772151899,12.29012346,0,0.11627907,0.25,,,,
18,Carl Landry,PF,28,0.507,0.799,5.2,0.9,0.3,0.3,-1.8493,1.159493671,9.820987654,-0.054545455,0.046511628,0.1,,,,
19,Channing Frye,PF,28,0.469,0.89,5.9,1.4,0.7,1.1,-1.8531,1.389873418,11.26131687,-0.009090909,0.139534884,0.5,,,,
20,Charlie Villanueva,PF,28,0.415,0.551,3.5,0.8,0.4,0.6,-1.8585,0.53164557,6.323045267,-0.063636364,0.069767442,0.25,,,,
21,Chris Bosh,PF,27,0.496,0.821,7.9,1.8,0.9,0.8,-1.8504,1.215189873,15.37654321,0.027272727,0.186046512,0.35,,,,
22,Chris Copeland,PF,28,0.513,0.759,2.1,0.5,0.3,0.2,-1.8487,1.058227848,3.442386831,-0.090909091,0.046511628,0.05,,,,
23,Chris Singleton,PF,23,0.415,0.571,3.2,0.6,0.7,0.4,-1.8585,0.582278481,5.705761317,-0.081818182,0.139534884,0.15,,,,
24,Cory Jefferson,PF,24,0.488,0.553,3,0.4,0.2,0.4,-1.8512,0.536708861,5.294238683,-0.1,0.023255814,0.15,,,,
25,Craig Smith,PF,28,0.509,0.717,2.3,0.4,0.3,0.1,-1.8491,0.951898734,3.853909465,-0.1,0.046511628,0,,,,
26,D.J. White,PF,25,0.491,0.705,3.6,0.8,0.3,0.4,-1.8509,0.921518987,6.528806584,-0.063636364,0.046511628,0.15,,,,
27,Dante Cunningham,PF,25,0.472,0.65,5.1,0.8,1.1,0.5,-1.8528,0.782278481,9.615226337,-0.063636364,0.23255814,0.2,,,,
28,Darrell Arthur,PF,26,0.49,0.789,2.9,0.9,0.8,0.5,-1.851,1.134177215,5.088477366,-0.054545455,0.162790698,0.2,,,,
29,David Lee,PF,29,0.521,0.797,11.2,3.5,0.8,0.3,-1.8479,1.15443038,22.16666667,0.181818182,0.162790698,0.1,,,,
30,DeJuan Blair,PF,22,0.535,0.613,5.5,1.2,0.9,0.2,-1.8465,0.688607595,10.4382716,-0.027272727,0.186046512,0.05,,,,
31,Derrick Favors,PF,23,0.544,0.67,8.2,1.6,0.9,1.7,-1.8456,0.832911392,15.99382716,0.009090909,0.186046512,0.8,,,,
32,Derrick Williams,PF,21,0.463,0.706,5.5,0.6,0.6,0.5,-1.8537,0.924050633,10.4382716,-0.081818182,0.11627907,0.2,,,,
33,Dominic McGuire,PF,26,0.456,0.736,3.8,1.7,0.7,0.6,-1.8544,1,6.940329218,0.018181818,0.139534884,0.25,,,,
34,Donatas Motiejunas,PF,24,0.529,0.589,5.9,1.7,0.7,0.5,-1.8471,0.627848101,11.26131687,0.018181818,0.139534884,0.2,,,,
35,Donte Greene,PF,23,0.516,0.8,2.5,0.6,0.3,0.5,-1.8484,1.162025316,4.265432099,-0.081818182,0.046511628,0.2,,,,
36,Earl Clark,PF,25,0.479,0.697,5.5,1.1,0.6,0.7,-1.8521,0.901265823,10.4382716,-0.036363636,0.11627907,0.3,,,,
37,Ed Davis,PF,25,0.608,0.5,7.5,1.3,0.6,1.3,-1.8392,0.402531646,14.55349794,-0.018181818,0.11627907,0.6,,,,
38,Ekpe Udoh,PF,26,0.399,0.638,3.5,0.7,0.4,1,-1.8601,0.751898734,6.323045267,-0.072727273,0.069767442,0.45,,,,
39,Ersan Ilyasova,PF,24,0.501,0.781,8.8,1.2,0.7,0.7,-1.8499,1.113924051,17.22839506,-0.027272727,0.139534884,0.3,,,,
40,Glen Davis,PF,27,0.45,0.718,7.2,2.1,0.9,0.6,-1.855,0.95443038,13.93621399,0.054545455,0.186046512,0.25,,,,
41,Greg Monroe,PF,24,0.496,0.743,10.4,2,1,0.5,-1.8504,1.017721519,20.52057613,0.045454545,0.209302326,0.2,,,,
42,Greg Smith,PF,24,0.625,0.514,2,0.2,0.2,0.3,-1.8375,0.437974684,3.236625514,-0.118181818,0.023255814,0.1,,,,
43,Gustavo Ayon,PF,26,0.538,0.619,4.9,1.4,1,0.9,-1.8462,0.703797468,9.203703704,-0.009090909,0.209302326,0.4,,,,
44,Hakim Warrick,PF,29,0.429,0.768,2.6,0.9,0.2,0.1,-1.8571,1.081012658,4.471193416,-0.054545455,0.023255814,0,,,,
45,Ivan Johnson,PF,28,0.536,0.618,3.9,0.7,0.8,0.2,-1.8464,0.701265823,7.146090535,-0.072727273,0.162790698,0.05,,,,
46,J.J. Hickson,PF,25,0.514,0.517,9.2,1.4,0.7,0.7,-1.8486,0.44556962,18.05144033,-0.009090909,0.139534884,0.3,,,,
47,JaJuan Johnson,PF,22,0.446,0.667,1.6,0.2,0.1,0.4,-1.8554,0.825316456,2.413580247,-0.118181818,0,0.15,,,,
48,James Johnson,PF,27,0.649,0.671,3.9,1.4,0.9,1.1,-1.8351,0.835443038,7.146090535,-0.009090909,0.186046512,0.5,,,,
49,Jan Vesely,PF,21,0.539,0.532,4.4,0.8,0.7,0.6,-1.8461,0.483544304,8.174897119,-0.063636364,0.139534884,0.25,,,,
50,Jared Sullinger,PF,22,0.503,0.748,8.1,2.4,0.7,0.7,-1.8497,1.030379747,15.78806584,0.081818182,0.139534884,0.3,,,,
51,Jason Maxiell,PF,29,0.446,0.621,5.7,0.8,0.4,1.3,-1.8554,0.708860759,10.84979424,-0.063636364,0.069767442,0.6,,,,
52,Jason Smith,PF,25,0.531,0.702,4.9,0.9,0.5,1,-1.8469,0.913924051,9.203703704,-0.054545455,0.093023256,0.45,,,,
53,Jason Thompson,PF,26,0.504,0.694,6.7,1,0.6,0.7,-1.8496,0.893670886,12.90740741,-0.045454545,0.11627907,0.3,,,,
54,Jeff Adrien,PF,27,0.52,0.639,5.8,0.7,0.5,0.7,-1.848,0.75443038,11.05555556,-0.072727273,0.093023256,0.3,,,,
55,Jeff Ayres,PF,25,0.484,0.913,2.8,0.4,0.2,0.3,-1.8516,1.448101266,4.882716049,-0.1,0.023255814,0.1,,,,
56,Jeff Green,PF,26,0.49,0.808,3.9,1.6,0.7,0.8,-1.851,1.182278481,7.146090535,0.009090909,0.139534884,0.35,,,,
57,Jeremy Evans,PF,25,0.628,0.636,1.6,0.3,0.2,0.4,-1.8372,0.746835443,2.413580247,-0.109090909,0.023255814,0.15,,,,
58,Joel Freeland,PF,25,0.408,0.667,2.3,0.3,0.3,0.2,-1.8592,0.825316456,3.853909465,-0.109090909,0.046511628,0.05,,,,
59,John Henson,PF,23,0.539,0.514,7.1,1.6,0.6,1.7,-1.8461,0.437974684,13.73045267,0.009090909,0.11627907,0.8,,,,
60,Jon Brockman,PF,24,0.341,0.467,2.1,0.3,0.1,0,-1.8659,0.318987342,3.442386831,-0.109090909,0,-0.05,,,,
61,Jon Leuer,PF,24,0.497,0.787,3.2,0.4,0.4,0.3,-1.8503,1.129113924,5.705761317,-0.1,0.069767442,0.1,,,,
62,Jonas Jerebko,PF,24,0.519,0.806,4.8,0.7,0.6,0.3,-1.8481,1.17721519,8.997942387,-0.072727273,0.11627907,0.1,,,,
63,Jordan Hill,PF,26,0.55,0.685,7.4,0.8,0.4,0.9,-1.845,0.870886076,14.34773663,-0.063636364,0.069767442,0.4,,,,
64,Josh Harrellson,PF,22,0.478,0.615,3.9,0.3,0.6,0.5,-1.8522,0.693670886,7.146090535,-0.109090909,0.11627907,0.2,,,,
65,Josh McRoberts,PF,26,0.516,0.729,4.8,4.3,0.7,0.6,-1.8484,0.982278481,8.997942387,0.254545455,0.139534884,0.25,,,,
66,Josh Smith,PF,26,0.48,0.63,9.6,3.9,1.4,1.7,-1.852,0.73164557,18.8744856,0.218181818,0.302325581,0.8,,,,
67,Kenneth Faried,PF,24,0.547,0.65,8.6,1.2,0.9,0.9,-1.8453,0.782278481,16.81687243,-0.027272727,0.186046512,0.4,,,,
68,Kevin Jones,PF,23,0.402,0.6,2.4,0.3,0.3,0.2,-1.8598,0.655696203,4.059670782,-0.109090909,0.046511628,0.05,,,,
69,Kevin Love,PF,25,0.502,0.821,12.5,4.4,0.8,0.5,-1.8498,1.215189873,24.84156379,0.263636364,0.162790698,0.2,,,,
70,Khris Middleton,PF,23,0.489,0.854,4.5,2.1,1.6,0.2,-1.8511,1.298734177,8.380658436,0.054545455,0.348837209,0.05,,,,
71,Kris Humphries,PF,26,0.481,0.752,11,1.5,0.8,1.2,-1.8519,1.040506329,21.75514403,0,0.162790698,0.55,,,,
72,Kyle O'Quinn,PF,24,0.545,0.765,4,1.2,0.6,0.9,-1.8455,1.073417722,7.351851852,-0.027272727,0.11627907,0.4,,,,
73,LaMarcus Aldridge,PF,28,0.461,0.822,11.1,2.6,0.9,1,-1.8539,1.217721519,21.96090535,0.1,0.186046512,0.45,,,,
74,Lance Thomas,PF,23,0.456,0.839,3,0.3,0.2,0.2,-1.8544,1.260759494,5.294238683,-0.109090909,0.023255814,0.05,,,,
75,Larry Sanders,PF,23,0.462,0.474,3.1,0.6,0.6,1.5,-1.8538,0.336708861,5.5,-0.081818182,0.11627907,0.7,,,,
76,Lavoy Allen,PF,25,0.492,0.698,5.9,1.3,0.3,0.8,-1.8508,0.903797468,11.26131687,-0.018181818,0.046511628,0.35,,,,
77,Louis Amundson,PF,29,0.43,0.427,3.7,0.2,0.5,0.7,-1.857,0.217721519,6.734567901,-0.118181818,0.093023256,0.3,,,,
78,Luc Mbah a Moute,PF,28,0.46,0.585,5.1,1.5,1.3,0.3,-1.854,0.617721519,9.615226337,0,0.279069767,0.1,,,,
79,Luke Babbitt,PF,23,0.429,0.769,2.2,0.5,0.2,0.1,-1.8571,1.083544304,3.648148148,-0.090909091,0.023255814,0,,,,
80,Marcus Morris,PF,25,0.489,0.613,4.2,1.5,0.7,0.2,-1.8511,0.688607595,7.763374486,0,0.139534884,0.05,,,,
81,Markieff Morris,PF,25,0.497,0.746,5.8,2.2,1.3,0.5,-1.8503,1.025316456,11.05555556,0.063636364,0.279069767,0.2,,,,
82,Marreese Speights,PF,27,0.501,0.833,4.5,0.9,0.2,0.5,-1.8499,1.24556962,8.380658436,-0.054545455,0.023255814,0.2,,,,
83,Marvin Williams,PF,27,0.503,0.781,5.1,1.2,0.8,0.5,-1.8497,1.113924051,9.615226337,-0.027272727,0.162790698,0.2,,,,
84,Mason Plumlee,PF,23,0.666,0.626,4.4,0.9,0.7,0.8,-1.8334,0.721518987,8.174897119,-0.054545455,0.139534884,0.35,,,,
85,Mike Scott,PF,25,0.558,0.78,3.6,0.9,0.4,0.1,-1.8442,1.111392405,6.528806584,-0.054545455,0.069767442,0,,,,
86,Mirza Teletovic,PF,29,0.476,0.717,4.9,1.1,0.4,0.4,-1.8524,0.951898734,9.203703704,-0.036363636,0.069767442,0.15,,,,
87,Nerlens Noel,PF,20,0.452,0.607,7.8,1.7,1.8,1.9,-1.8548,0.673417722,15.17078189,0.018181818,0.395348837,0.9,,,,
88,Nikola Mirotic,PF,23,0.468,0.797,4.8,1.1,0.6,0.6,-1.8532,1.15443038,8.997942387,-0.036363636,0.11627907,0.25,,,,
89,Omri Casspi,PF,25,0.479,0.68,3.7,1.2,0.6,0.2,-1.8521,0.858227848,6.734567901,-0.027272727,0.11627907,0.05,,,,
90,Patrick Patterson,PF,23,0.546,0.762,4.7,1.1,0.4,0.6,-1.8454,1.065822785,8.79218107,-0.036363636,0.069767442,0.25,,,,
91,Paul Millsap,PF,28,0.487,0.731,8.5,3.1,1.7,1.1,-1.8513,0.987341772,16.61111111,0.145454545,0.372093023,0.5,,,,
92,Perry Jones,PF,22,0.508,0.667,1.8,0.4,0.2,0.3,-1.8492,0.825316456,2.825102881,-0.1,0.023255814,0.1,,,,
93,Quincy Acy,PF,24,0.495,0.738,4.5,1,0.4,0.3,-1.8505,1.005063291,8.380658436,-0.045454545,0.069767442,0.1,,,,
94,Quincy Miller,PF,21,0.395,0.709,2.8,0.5,0.4,0.6,-1.8605,0.93164557,4.882716049,-0.090909091,0.069767442,0.25,,,,
95,Ryan Anderson,PF,24,0.464,0.844,6.4,1.2,0.5,0.4,-1.8536,1.273417722,12.29012346,-0.027272727,0.093023256,0.15,,,,
96,Ryan Hollins,PF,29,0.736,0.625,1.5,0.1,0.1,0.5,-1.8264,0.718987342,2.20781893,-0.127272727,0,0.2,,,,
97,Ryan Kelly,PF,22,0.476,0.815,3.7,1.6,0.5,0.8,-1.8524,1.2,6.734567901,0.009090909,0.093023256,0.35,,,,
98,Serge Ibaka,PF,24,0.546,0.784,8.8,1,0.5,2.7,-1.8454,1.121518987,17.22839506,-0.045454545,0.093023256,1.3,,,,
99,Shawne Williams,PF,27,0.492,0.7,4.6,0.8,0.5,0.8,-1.8508,0.908860759,8.586419753,-0.063636364,0.093023256,0.35,,,,
100,Spencer Hawes,PF,26,0.459,0.617,3.8,1.4,0.4,0.9,-1.8541,0.698734177,6.940329218,-0.009090909,0.069767442,0.4,,,,
101,Steve Novak,PF,28,0.509,0.846,1.9,0.2,0.3,0.2,-1.8491,1.278481013,3.030864198,-0.118181818,0.046511628,0.05,,,,
102,Taj Gibson,PF,28,0.483,0.751,6.8,1.1,0.5,1.4,-1.8517,1.037974684,13.11316872,-0.036363636,0.093023256,0.65,,,,
103,Terrence Jones,PF,22,0.581,0.605,6.9,1.1,0.7,1.3,-1.8419,0.66835443,13.31893004,-0.036363636,0.139534884,0.6,,,,
104,Thaddeus Young,PF,25,0.496,0.712,6,2.3,2.1,0.5,-1.8504,0.939240506,11.46707819,0.072727273,0.465116279,0.2,,,,
105,Thomas Robinson,PF,23,0.485,0.493,5.3,0.4,0.5,0.3,-1.8515,0.384810127,10.02674897,-0.1,0.093023256,0.1,,,,
106,Tiago Splitter,PF,28,0.561,0.73,6.4,1.6,0.8,0.8,-1.8439,0.984810127,12.29012346,0.009090909,0.162790698,0.35,,,,
107,Tobias Harris,PF,21,0.508,0.807,7,1.3,0.7,0.4,-1.8492,1.179746835,13.52469136,-0.018181818,0.139534884,0.15,,,,
108,Trevor Booker,PF,24,0.531,0.602,6.5,0.8,1,0.9,-1.8469,0.660759494,12.49588477,-0.063636364,0.209302326,0.4,,,,
109,Tristan Thompson,PF,21,0.49,0.608,9.4,1.3,0.7,0.9,-1.851,0.675949367,18.46296296,-0.018181818,0.139534884,0.4,,,,
110,Tyler Hansbrough,PF,26,0.406,0.813,4.4,0.5,0.8,0.1,-1.8594,1.194936709,8.174897119,-0.090909091,0.162790698,0,,,,
111,Tyrus Thomas,PF,25,0.367,0.759,3.7,0.6,0.7,1.1,-1.8633,1.058227848,6.734567901,-0.081818182,0.139534884,0.5,,,,
112,Wilson Chandler,PF,25,0.48,0.793,5.1,1.3,1,0.3,-1.852,1.144303797,9.615226337,-0.018181818,0.209302326,0.1,,,,
113,Yi Jianlian,PF,24,0.389,0.667,1.6,0.2,0.2,0.3,-1.8611,0.825316456,2.413580247,-0.118181818,0.023255814,0.1,,,,
