id,player,pos,age,threepercent,twopercent,freethrows,assists,steals,trbs,threepercentn,twopercentn,freethrowsn,assistsn,stealsn,trbsn
0,A.J. Price,PG,26,0.35,0.427,0.79,3.6,0.6,2,-1.865,0.91646778,2.218446602,6.439330544,0,0.791666667
1,Aaron Brooks,PG,29,0.387,0.411,0.874,3.2,0.7,1.9,-1.8613,0.878281623,2.626213592,5.60251046,0.009009009,0.75
2,Avery Bradley,PG,23,0.395,0.451,0.804,1.4,1.1,3.8,-1.8605,0.973747017,2.286407767,1.836820084,0.045045045,1.541666667
3,Brandon Jennings,PG,23,0.375,0.412,0.819,6.5,1.6,3.1,-1.8625,0.880668258,2.359223301,12.50627615,0.09009009,1.25
4,Brandon Knight,PG,23,0.397,0.442,0.878,5.3,1.4,3.9,-1.8603,0.952267303,2.645631068,9.9958159,0.072072072,1.583333333
5,Brian Roberts,PG,28,0.36,0.447,0.94,3.3,0.6,1.9,-1.864,0.964200477,2.946601942,5.811715481,0,0.75
6,C.J. Watson,PG,27,0.393,0.352,0.808,4.1,0.9,2.1,-1.8607,0.737470167,2.305825243,7.485355649,0.027027027,0.833333333
7,Charles Jenkins,PG,22,0.15,0.469,0.872,3.3,0.6,1.3,-1.885,1.016706444,2.616504854,5.811715481,0,0.5
8,Chris Duhon,PG,29,0.42,0.417,0.81,2.4,0.6,1.6,-1.858,0.892601432,2.315533981,3.928870293,0,0.625
9,Chris Paul,PG,28,0.368,0.498,0.855,10.7,2.5,4.3,-1.8632,1.085918854,2.533980583,21.29288703,0.171171171,1.75
10,Cory Higgins,PG,22,0.2,0.343,0.7,0.9,0.1,0.9,-1.88,0.715990453,1.781553398,0.790794979,-0.045045045,0.333333333
11,Cory Joseph,PG,23,0.359,0.525,0.748,2.5,0.6,2.5,-1.8641,1.150357995,2.014563107,4.138075314,0,1
12,D.J. Augustin,PG,24,0.341,0.396,0.875,6.4,0.8,2.3,-1.8659,0.8424821,2.631067961,12.29707113,0.018018018,0.916666667
13,Damian Lillard,PG,24,0.344,0.503,0.86,6.2,1.3,4.8,-1.8656,1.097852029,2.558252427,11.87866109,0.063063063,1.958333333
14,Daniel Gibson,PG,26,0.344,0.333,0.703,1.8,0.7,1.3,-1.8656,0.692124105,1.796116505,2.673640167,0.009009009,0.5
15,Dante Exum,PG,19,0.325,0.424,0.645,2.3,0.5,1.7,-1.8675,0.909307876,1.514563107,3.719665272,-0.009009009,0.666666667
16,Darius Morris,PG,22,0.364,0.402,0.649,1.6,0.4,1.2,-1.8636,0.856801909,1.533980583,2.255230126,-0.018018018,0.458333333
17,Darren Collison,PG,27,0.373,0.514,0.788,5.6,1.5,3.2,-1.8627,1.124105012,2.208737864,10.62343096,0.081081081,1.291666667
18,Delonte West,PG,28,0.355,0.489,0.886,3.2,1.3,2.3,-1.8645,1.064439141,2.684466019,5.60251046,0.063063063,0.916666667
19,Dennis Schroder,PG,21,0.34,0.456,0.81,4,0.7,2,-1.866,0.985680191,2.315533981,7.276150628,0.009009009,0.791666667
20,Deron Williams,PG,27,0.336,0.446,0.843,8.7,1.2,3.3,-1.8664,0.961813842,2.475728155,17.10878661,0.054054054,1.333333333
21,Derrick Rose,PG,23,0.312,0.475,0.812,7.9,0.9,3.4,-1.8688,1.031026253,2.325242718,15.43514644,0.027027027,1.375
22,Devin Harris,PG,28,0.362,0.498,0.746,5,1,1.8,-1.8638,1.085918854,2.004854369,9.368200837,0.036036036,0.708333333
23,Diante Garrett,PG,25,0.375,0.385,0.833,1.7,0.6,1.4,-1.8625,0.816229117,2.427184466,2.464435146,0,0.541666667
24,Dominique Jones,PG,23,0.125,0.431,0.784,1.3,0.3,1.3,-1.8875,0.92601432,2.189320388,1.627615063,-0.027027027,0.5
25,Donald Sloan,PG,27,0.32,0.46,0.787,4,0.5,3.2,-1.868,0.99522673,2.203883495,7.276150628,-0.009009009,1.291666667
26,Elfrid Payton,PG,20,0.241,0.425,0.522,6,1.5,3.9,-1.8759,0.911694511,0.917475728,11.46025105,0.081081081,1.583333333
27,Eric Bledsoe,PG,25,0.352,0.496,0.805,6.1,1.7,5.4,-1.8648,1.081145585,2.291262136,11.66945607,0.099099099,2.208333333
28,Eric Bledsoe,PG,22,0.2,0.448,0.636,1.7,0.8,1.6,-1.88,0.966587112,1.470873786,2.464435146,0.018018018,0.625
29,Eric Maynor,PG,25,0.354,0.389,0.726,2.8,0.3,0.7,-1.8646,0.825775656,1.90776699,4.765690377,-0.027027027,0.25
30,E'Twaun Moore,PG,22,0.378,0.382,1,0.9,0.3,0.9,-1.8622,0.809069212,3.237864078,0.790794979,-0.027027027,0.333333333
31,Gal Mekel,PG,25,0.25,0.379,0.667,2,0.1,0.9,-1.875,0.801909308,1.621359223,3.092050209,-0.045045045,0.333333333
32,George Hill,PG,26,0.368,0.494,0.817,4.7,1.1,3.7,-1.8632,1.076372315,2.349514563,8.740585774,0.045045045,1.5
33,Goran Dragic,PG,26,0.319,0.497,0.748,7.4,1.6,3.1,-1.8681,1.08353222,2.014563107,14.38912134,0.09009009,1.25
34,Greivis Vasquez,PG,26,0.342,0.462,0.805,9,0.8,4.3,-1.8658,1,2.291262136,17.73640167,0.018018018,1.75
35,Iman Shumpert,PG,21,0.306,0.44,0.798,2.8,1.7,3.2,-1.8694,0.947494033,2.257281553,4.765690377,0.099099099,1.291666667
36,Isaiah Canaan,PG,23,0.371,0.448,0.8,1.9,0.5,1.8,-1.8629,0.966587112,2.266990291,2.882845188,-0.009009009,0.708333333
37,Isaiah Thomas,PG,24,0.349,0.504,0.85,6.3,1.3,2.9,-1.8651,1.100238663,2.509708738,12.08786611,0.063063063,1.166666667
38,Ish Smith,PG,25,0.043,0.457,0.564,2.6,0.7,1.8,-1.8957,0.988066826,1.121359223,4.347280335,0.009009009,0.708333333
39,Jameer Nelson,PG,29,0.377,0.459,0.807,5.7,0.7,3.2,-1.8623,0.992840095,2.300970874,10.83263598,0.009009009,1.291666667
40,Jarrett Jack,PG,28,0.348,0.482,0.872,6.3,0.7,3.9,-1.8652,1.047732697,2.616504854,12.08786611,0.009009009,1.583333333
41,Jeff Teague,PG,26,0.335,0.504,0.874,7.2,1.7,2.4,-1.8665,1.100238663,2.626213592,13.9707113,0.099099099,0.958333333
42,Jeremy Lin,PG,24,0.339,0.483,0.785,6.1,1.6,3,-1.8661,1.050119332,2.194174757,11.66945607,0.09009009,1.208333333
43,Jeremy Pargo,PG,26,0.338,0.42,0.677,2.4,0.3,1.3,-1.8662,0.899761337,1.669902913,3.928870293,-0.027027027,0.5
44,Jerryd Bayless,PG,23,0.423,0.424,0.852,3.8,0.8,2.1,-1.8577,0.909307876,2.519417476,6.857740586,0.018018018,0.833333333
45,Jimmer Fredette,PG,22,0.361,0.409,0.833,1.8,0.5,1.2,-1.8639,0.873508353,2.427184466,2.673640167,-0.009009009,0.458333333
46,John Lucas,PG,29,0.393,0.404,0.875,2.2,0.4,1.6,-1.8607,0.861575179,2.631067961,3.510460251,-0.018018018,0.625
47,John Wall,PG,24,0.302,0.489,0.768,10,1.8,4.5,-1.8698,1.064439141,2.111650485,19.82845188,0.108108108,1.833333333
48,Jordan Clarkson,PG,22,0.304,0.461,0.815,2.5,0.7,2.7,-1.8696,0.997613365,2.339805825,4.138075314,0.009009009,1.083333333
49,Jordan Farmar,PG,27,0.438,0.397,0.746,4.9,0.9,2.5,-1.8562,0.844868735,2.004854369,9.158995816,0.027027027,1
50,Jose Barea,PG,27,0.371,0.415,0.776,5.7,0.5,2.8,-1.8629,0.887828162,2.150485437,10.83263598,-0.009009009,1.125
51,Jrue Holiday,PG,22,0.368,0.446,0.752,8,1.6,4.2,-1.8632,0.961813842,2.033980583,15.64435146,0.09009009,1.708333333
52,Kemba Walker,PG,23,0.333,0.417,0.837,6.1,1.2,4.2,-1.8667,0.892601432,2.446601942,11.66945607,0.054054054,1.708333333
53,Kendall Marshall,PG,22,0.399,0.411,0.528,8.8,0.9,2.9,-1.8601,0.878281623,0.946601942,17.31799163,0.027027027,1.166666667
54,Kyle Lowry,PG,27,0.38,0.46,0.813,7.4,1.5,4.7,-1.862,0.99522673,2.330097087,14.38912134,0.081081081,1.916666667
55,Kyrie Irving,PG,21,0.358,0.458,0.861,6.1,1.5,3.6,-1.8642,0.990453461,2.563106796,11.66945607,0.081081081,1.458333333
56,Louis Williams,PG,25,0.362,0.425,0.812,3.5,0.8,2.4,-1.8638,0.911694511,2.325242718,6.230125523,0.018018018,0.958333333
57,Marcus Smart,PG,20,0.322,0.4,0.649,3.3,1.4,3.3,-1.8678,0.85202864,1.533980583,5.811715481,0.072072072,1.333333333
58,Mario Chalmers,PG,27,0.385,0.5,0.742,4.9,1.6,2.9,-1.8615,1.090692124,1.985436893,9.158995816,0.09009009,1.166666667
59,Marquis Teague,PG,19,0.174,0.433,0.563,1.3,0.2,0.9,-1.8826,0.930787589,1.116504854,1.627615063,-0.036036036,0.333333333
60,Michael Carter-Williams,PG,22,0.264,0.44,0.703,6.3,1.9,6.2,-1.8736,0.947494033,1.796116505,12.08786611,0.117117117,2.541666667
61,Mike Conley,PG,26,0.361,0.484,0.815,6,1.5,2.9,-1.8639,1.052505967,2.339805825,11.46025105,0.081081081,1.166666667
62,Monta Ellis,PG,28,0.33,0.474,0.788,5.7,1.7,3.6,-1.867,1.028639618,2.208737864,10.83263598,0.099099099,1.458333333
63,Nate Robinson,PG,28,0.405,0.45,0.799,4.4,1,2.2,-1.8595,0.971360382,2.262135922,8.112970711,0.036036036,0.875
64,Nate Wolters,PG,22,0.29,0.465,0.656,3.2,0.6,2.6,-1.871,1.007159905,1.567961165,5.60251046,0,1.041666667
65,Nolan Smith,PG,23,0.289,0.4,0.714,1.4,0.4,1.3,-1.8711,0.85202864,1.849514563,1.836820084,-0.018018018,0.5
66,Norris Cole,PG,26,0.281,0.448,0.712,3.5,0.8,2.3,-1.8719,0.966587112,1.839805825,6.230125523,0.018018018,0.916666667
67,Patrick Beverley,PG,26,0.352,0.421,0.741,3.3,1.1,4.4,-1.8648,0.902147971,1.980582524,5.811715481,0.045045045,1.791666667
68,Patrick Mills,PG,25,0.425,0.5,0.89,1.8,0.8,2.1,-1.8575,1.090692124,2.703883495,2.673640167,0.018018018,0.833333333
69,Phil Pressey,PG,23,0.296,0.438,0.676,2.2,0.6,1.3,-1.8704,0.942720764,1.665048544,3.510460251,0,0.5
70,Rajon Rondo,PG,25,0.238,0.464,0.597,11.7,1.8,4.8,-1.8762,1.00477327,1.281553398,23.38493724,0.108108108,1.958333333
71,Ramon Sessions,PG,25,0.443,0.425,0.782,5.5,0.7,3.3,-1.8557,0.911694511,2.17961165,10.41422594,0.009009009,1.333333333
72,Ray McCallum,PG,22,0.373,0.378,0.744,2.7,0.5,1.8,-1.8627,0.799522673,1.995145631,4.556485356,-0.009009009,0.708333333
73,Raymond Felton,PG,28,0.36,0.455,0.789,5.5,1.4,2.9,-1.864,0.983293556,2.213592233,10.41422594,0.072072072,1.166666667
74,Reggie Jackson,PG,24,0.277,0.468,0.876,4.7,0.8,4.1,-1.8723,1.014319809,2.63592233,8.740585774,0.018018018,1.666666667
75,Ricky Rubio,PG,23,0.331,0.393,0.802,8.6,2.3,4.2,-1.8669,0.835322196,2.276699029,16.89958159,0.153153153,1.708333333
76,Rodney Stuckey,PG,28,0.398,0.467,0.83,3.2,0.8,3.6,-1.8602,1.011933174,2.412621359,5.60251046,0.018018018,1.458333333
77,Rodrigue Beaubois,PG,23,0.288,0.479,0.841,2.9,1.1,2.8,-1.8712,1.040572792,2.466019417,4.974895397,0.045045045,1.125
78,Ronnie Price,PG,28,0.295,0.419,0.8,1.9,0.9,1.6,-1.8705,0.897374702,2.266990291,2.882845188,0.027027027,0.625
79,Russell Westbrook,PG,26,0.3,0.462,0.838,8.3,2.1,7.2,-1.87,1,2.451456311,16.27196653,0.135135135,2.958333333
80,Sebastian Telfair,PG,26,0.314,0.456,0.791,2.3,0.7,1.5,-1.8686,0.985680191,2.223300971,3.719665272,0.009009009,0.583333333
81,Shabazz Napier,PG,23,0.368,0.402,0.786,2.5,0.8,2.3,-1.8632,0.856801909,2.199029126,4.138075314,0.018018018,0.916666667
82,Shane Larkin,PG,22,0.323,0.469,0.769,2.6,1.2,2,-1.8677,1.016706444,2.116504854,4.347280335,0.054054054,0.791666667
83,Shaun Livingston,PG,28,0.167,0.486,0.827,3.2,1.2,3.2,-1.8833,1.057279236,2.398058252,5.60251046,0.054054054,1.291666667
84,Shelvin Mack,PG,23,0.337,0.464,0.865,3.7,0.7,2.2,-1.8663,1.00477327,2.582524272,6.648535565,0.009009009,0.875
85,Stephen Curry,PG,26,0.422,0.539,0.904,7.8,2.2,4.4,-1.8578,1.183770883,2.77184466,15.22594142,0.144144144,1.791666667
86,Toney Douglas,PG,26,0.38,0.424,0.905,2.1,1,1.9,-1.862,0.909307876,2.776699029,3.30125523,0.036036036,0.75
87,Tony Parker,PG,29,0.23,0.498,0.799,7.7,1,2.9,-1.877,1.085918854,2.262135922,15.0167364,0.036036036,1.166666667
88,Toure' Murry,PG,24,0.417,0.436,0.59,1,0.4,0.9,-1.8583,0.937947494,1.247572816,1,-0.018018018,0.333333333
89,Trey Burke,PG,21,0.33,0.41,0.903,5.7,0.6,3,-1.867,0.875894988,2.766990291,10.83263598,0,1.208333333
90,Ty Lawson,PG,26,0.356,0.455,0.798,8.8,1.6,3.5,-1.8644,0.983293556,2.257281553,17.31799163,0.09009009,1.416666667
91,Tyshawn Taylor,PG,22,0.462,0.351,0.556,0.6,0.3,0.5,-1.8538,0.735083532,1.082524272,0.163179916,-0.027027027,0.166666667
92,Victor Oladipo,PG,22,0.354,0.469,0.817,4,1.7,4.1,-1.8646,1.016706444,2.349514563,7.276150628,0.099099099,1.666666667
93,Will Bynum,PG,29,0.241,0.406,0.766,1.8,0.6,1.6,-1.8759,0.866348449,2.101941748,2.673640167,0,0.625
94,Zach LaVine,PG,19,0.315,0.445,0.822,3.1,0.7,2.2,-1.8685,0.959427208,2.373786408,5.393305439,0.009009009,0.875
