id,player,pos,age,threepercent,twopercent,freethrows,trbs,assits,steals,threepercentn,twopercentn,freethrowsn,trbsn,assistsn,stealsn
0,Al-Farouq Aminu,SF,22,0.211,0.486,0.737,7.7,1.4,1.2,-1.8789,1.075221239,1.325174825,8.470847085,0.093333333,0.14084507
1,Alonzo Gee,SF,25,0.315,0.45,0.795,3.9,1.6,1.3,-1.8685,0.995575221,1.527972028,4.290429043,0.12,0.154929577
2,Andre Iguodala,SF,28,0.394,0.481,0.617,6.1,5.5,1.7,-1.8606,1.064159292,0.905594406,6.710671067,0.64,0.211267606
3,Anthony Bennett,SF,20,0.245,0.39,0.638,3,0.3,0.4,-1.8755,0.862831858,0.979020979,3.300330033,-0.053333333,0.028169014
4,Anthony Tolliver,SF,26,0.248,0.568,0.745,3,0.4,0.4,-1.8752,1.256637168,1.353146853,3.300330033,-0.04,0.028169014
5,Arron Afflalo,SF,27,0.3,0.489,0.857,3.7,3.2,0.6,-1.87,1.081858407,1.744755245,4.070407041,0.333333333,0.056338028
6,Austin Daye,SF,24,0.418,0.445,0.765,2.2,0.8,0.3,-1.8582,0.984513274,1.423076923,2.420242024,0.013333333,0.014084507
7,Bojan Bogdanovic,SF,25,0.326,0.507,0.828,2.7,0.8,0.4,-1.8674,1.121681416,1.643356643,2.97029703,0.013333333,0.028169014
8,Brandon Rush,SF,26,0.452,0.544,0.793,3.9,1.4,0.5,-1.8548,1.203539823,1.520979021,4.290429043,0.093333333,0.042253521
9,C.J. Miles,SF,25,0.384,0.451,0.869,2.7,1,0.8,-1.8616,0.997787611,1.786713287,2.97029703,0.04,0.084507042
10,Carlos Delfino,SF,29,0.36,0.449,0.792,3.9,2.3,1.5,-1.864,0.993362832,1.517482517,4.290429043,0.213333333,0.183098592
11,Carmelo Anthony,SF,29,0.402,0.469,0.848,8.1,3.1,1.2,-1.8598,1.037610619,1.713286713,8.910891089,0.32,0.14084507
12,Cartier Martin,SF,28,0.397,0.358,0.714,2.4,0.5,0.5,-1.8603,0.792035398,1.244755245,2.640264026,-0.026666667,0.042253521
13,Chandler Parsons,SF,25,0.37,0.528,0.742,5.5,4,1.2,-1.863,1.168141593,1.342657343,6.050605061,0.44,0.14084507
14,Chase Budinger,SF,23,0.402,0.476,0.771,3.7,1.3,0.5,-1.8598,1.053097345,1.444055944,4.070407041,0.08,0.042253521
15,Chris Copeland,SF,29,0.418,0.579,0.714,0.8,0.4,0.1,-1.8582,1.280973451,1.244755245,0.880088009,-0.04,-0.014084507
16,Chris Douglas-Roberts,SF,27,0.386,0.5,0.805,2.4,1,0.6,-1.8614,1.10619469,1.562937063,2.640264026,0.04,0.056338028
17,Chris Johnson,SF,23,0.339,0.483,0.86,2.4,0.8,0.7,-1.8661,1.068584071,1.755244755,2.640264026,0.013333333,0.070422535
18,Chris Singleton,SF,22,0.346,0.389,0.682,3.5,0.7,1.1,-1.8654,0.860619469,1.132867133,3.850385039,0,0.126760563
19,Cleanthony Early,SF,23,0.268,0.376,0.686,2.3,0.8,0.5,-1.8732,0.831858407,1.146853147,2.530253025,0.013333333,0.042253521
20,Corey Brewer,SF,27,0.28,0.552,0.718,2.6,1.7,1.9,-1.872,1.221238938,1.258741259,2.860286029,0.133333333,0.23943662
21,Damjan Rudez,SF,28,0.38,0.538,0.696,0.7,0.9,0.2,-1.862,1.190265487,1.181818182,0.770077008,0.026666667,0
22,Danny Granger,SF,28,0.381,0.434,0.873,5,1.8,1,-1.8619,0.960176991,1.800699301,5.500550055,0.146666667,0.112676056
23,Darius Miller,SF,23,0.325,0.539,0.806,1.2,1,0.5,-1.8675,1.192477876,1.566433566,1.320132013,0.04,0.042253521
24,Darrell Arthur,SF,25,0.375,0.399,0.855,3.1,0.9,0.6,-1.8625,0.882743363,1.737762238,3.410341034,0.026666667,0.056338028
25,DeMarre Carroll,SF,27,0.362,0.548,0.773,5.5,1.8,1.5,-1.8638,1.212389381,1.451048951,6.050605061,0.146666667,0.183098592
26,DeQuan Jones,SF,22,0.257,0.47,0.667,1.7,0.3,0.3,-1.8743,1.039823009,1.08041958,1.870187019,-0.053333333,0.014084507
27,Derrick Brown,SF,24,0.25,0.535,0.667,3.6,1,0.7,-1.875,1.183628319,1.08041958,3.96039604,0.04,0.070422535
28,Derrick Williams,SF,22,0.263,0.47,0.718,4.1,0.7,0.6,-1.8737,1.039823009,1.258741259,4.510451045,0,0.056338028
29,Dionte Christmas,SF,27,0.29,0.419,0.75,1.2,0.3,0.1,-1.871,0.92699115,1.370629371,1.320132013,-0.053333333,-0.014084507
30,Dorell Wright,SF,26,0.36,0.5,0.816,4.6,1.5,1,-1.864,1.10619469,1.601398601,5.060506051,0.106666667,0.112676056
31,Doug McDermott,SF,23,0.316,0.476,0.667,1.3,0.2,0.1,-1.8684,1.053097345,1.08041958,1.430143014,-0.066666667,-0.014084507
32,Draymond Green,SF,24,0.341,0.518,0.669,8.2,3.6,1.6,-1.8659,1.146017699,1.087412587,9.02090209,0.386666667,0.197183099
33,Evan Turner,SF,24,0.365,0.428,0.74,6.3,4.3,0.9,-1.8635,0.946902655,1.335664336,6.930693069,0.48,0.098591549
34,Gerald Green,SF,26,0.391,0.529,0.754,3.5,1.1,0.9,-1.8609,1.170353982,1.384615385,3.850385039,0.053333333,0.098591549
35,Gerald Wallace,SF,29,0.307,0.5,0.8,6.7,2.8,1.5,-1.8693,1.10619469,1.545454545,7.370737074,0.28,0.183098592
36,Giannis Antetokounmpo,SF,19,0.347,0.44,0.683,4.4,1.9,0.8,-1.8653,0.973451327,1.136363636,4.840484048,0.16,0.084507042
37,Gordon Hayward,SF,24,0.377,0.487,0.806,4.9,4.2,1.4,-1.8623,1.077433628,1.566433566,5.390539054,0.466666667,0.169014085
38,Harrison Barnes,SF,22,0.417,0.512,0.706,5.7,1.4,0.7,-1.8583,1.132743363,1.216783217,6.270627063,0.093333333,0.070422535
39,Hollis Thompson,SF,22,0.401,0.507,0.712,3.2,0.9,0.7,-1.8599,1.121681416,1.237762238,3.520352035,0.026666667,0.070422535
40,J.R. Smith,SF,28,0.394,0.436,0.652,4,3,0.9,-1.8606,0.96460177,1.027972028,4.400440044,0.306666667,0.098591549
41,Jae Crowder,SF,24,0.338,0.481,0.753,3.2,1,0.8,-1.8662,1.064159292,1.381118881,3.520352035,0.04,0.084507042
42,JaKarr Sampson,SF,21,0.267,0.525,0.623,2,0.9,0.4,-1.8733,1.161504425,0.926573427,2.200220022,0.026666667,0.028169014
43,James Ennis,SF,24,0.323,0.433,0.855,2.4,0.6,0.5,-1.8677,0.957964602,1.737762238,2.640264026,-0.013333333,0.042253521
44,James Johnson,SF,24,0.317,0.467,0.704,4.7,2,1.1,-1.8683,1.033185841,1.20979021,5.170517052,0.173333333,0.126760563
45,Jared Dudley,SF,27,0.391,0.52,0.796,3.1,2.6,0.9,-1.8609,1.150442478,1.531468531,3.410341034,0.253333333,0.098591549
46,Jeff Green,SF,27,0.341,0.448,0.795,4.6,1.7,0.7,-1.8659,0.991150442,1.527972028,5.060506051,0.133333333,0.070422535
47,Jeffery Taylor,SF,23,0.344,0.486,0.728,1.9,0.8,0.6,-1.8656,1.075221239,1.293706294,2.090209021,0.013333333,0.056338028
48,Jerami Grant,SF,20,0.353,0.393,0.615,2.9,1,0.6,-1.8647,0.869469027,0.898601399,3.190319032,0.04,0.056338028
49,Jeremy Evans,SF,26,0,0.53,0.68,4.7,0.7,0.6,-1.9,1.172566372,1.125874126,5.170517052,0,0.056338028
50,Jimmy Butler,SF,23,0.381,0.489,0.803,4,1.4,1,-1.8619,1.081858407,1.555944056,4.400440044,0.093333333,0.112676056
51,Joe Ingles,SF,27,0.313,0.509,0.758,2.4,2.5,0.9,-1.8687,1.126106195,1.398601399,2.640264026,0.24,0.098591549
52,Jordan Hamilton,SF,23,0.354,0.433,0.784,3.2,0.9,0.7,-1.8646,0.957964602,1.48951049,3.520352035,0.026666667,0.070422535
53,Josh Childress,SF,28,0.167,0.587,0,2.8,1,0.4,-1.8833,1.298672566,-1.251748252,3.080308031,0.04,0.028169014
54,Josh Smith,SF,28,0.264,0.462,0.532,6.8,3.3,1.4,-1.8736,1.022123894,0.608391608,7.480748075,0.346666667,0.169014085
55,Kawhi Leonard,SF,23,0.322,0.506,0.784,7.5,2.5,2.2,-1.8678,1.119469027,1.48951049,8.250825083,0.24,0.281690141
56,Kevin Durant,SF,25,0.391,0.549,0.873,7.4,5.5,1.3,-1.8609,1.21460177,1.800699301,8.140814081,0.64,0.154929577
57,Khris Middleton,SF,22,0.414,0.454,0.861,3.8,2.1,1,-1.8586,1.004424779,1.758741259,4.180418042,0.186666667,0.112676056
58,Kostas Papanikolaou,SF,24,0.298,0.418,0.722,2.8,2,0.7,-1.8702,0.924778761,1.272727273,3.080308031,0.173333333,0.070422535
59,Kyle Singler,SF,25,0.382,0.492,0.826,3.7,0.9,0.7,-1.8618,1.088495575,1.636363636,4.070407041,0.026666667,0.070422535
60,Landry Fields,SF,24,0.143,0.478,0.642,4.1,1.2,0.6,-1.8857,1.057522124,0.993006993,4.510451045,0.066666667,0.056338028
61,LeBron James,SF,28,0.406,0.602,0.753,8,7.3,1.7,-1.8594,1.331858407,1.381118881,8.800880088,0.88,0.211267606
62,Linas Kleiza,SF,27,0.346,0.446,0.81,4.1,0.9,0.5,-1.8654,0.986725664,1.58041958,4.510451045,0.026666667,0.042253521
63,Luc Mbah a Moute,SF,26,0.351,0.406,0.571,4.4,0.9,0.7,-1.8649,0.898230088,0.744755245,4.840484048,0.026666667,0.070422535
64,Luigi Datome,SF,26,0.179,0.466,0.8,1.4,0.3,0.2,-1.8821,1.030973451,1.545454545,1.540154015,-0.053333333,0
65,Luke Babbitt,SF,22,0.43,0.384,0.85,2.4,0.4,0.3,-1.857,0.849557522,1.72027972,2.640264026,-0.04,0.014084507
66,Luol Deng,SF,27,0.322,0.455,0.816,6.3,3,1.1,-1.8678,1.006637168,1.601398601,6.930693069,0.306666667,0.126760563
67,Marco Belinelli,SF,27,0.43,0.525,0.847,2.8,2.2,0.6,-1.857,1.161504425,1.70979021,3.080308031,0.2,0.056338028
68,Marcus Morris,SF,24,0.381,0.483,0.761,3.9,1.1,0.9,-1.8619,1.068584071,1.409090909,4.290429043,0.053333333,0.098591549
69,Martell Webster,SF,26,0.422,0.463,0.848,3.9,1.9,0.6,-1.8578,1.024336283,1.713286713,4.290429043,0.16,0.056338028
70,Marvin Williams,SF,25,0.389,0.452,0.788,5.2,1.2,0.8,-1.8611,1,1.503496503,5.720572057,0.066666667,0.084507042
71,Maurice Harkless,SF,19,0.274,0.51,0.57,4.4,0.7,1.2,-1.8726,1.128318584,0.741258741,4.840484048,0,0.14084507
72,Michael Beasley,SF,24,0.313,0.426,0.746,3.8,1.5,0.4,-1.8687,0.942477876,1.356643357,4.180418042,0.106666667,0.028169014
73,Mickael Gelabale,SF,29,0.308,0.644,0.875,2.8,0.7,0.4,-1.8692,1.424778761,1.807692308,3.080308031,0,0.028169014
74,Mirza Teletovic,SF,28,0.39,0.472,0.71,3.7,0.8,0.4,-1.861,1.044247788,1.230769231,4.070407041,0.013333333,0.028169014
75,Nando De Colo,SF,26,0.34,0.46,0.886,1.6,1.4,0.5,-1.866,1.017699115,1.846153846,1.760176018,0.093333333,0.042253521
76,Nicolas Batum,SF,25,0.361,0.566,0.803,7.5,5.1,0.9,-1.8639,1.252212389,1.555944056,8.250825083,0.586666667,0.098591549
77,Omri Casspi,SF,23,0.315,0.463,0.685,3.5,1,0.6,-1.8685,1.024336283,1.143356643,3.850385039,0.04,0.056338028
78,Otto Porter,SF,21,0.313,0.483,0.734,2.9,0.9,0.6,-1.8687,1.068584071,1.314685315,3.190319032,0.026666667,0.056338028
79,P.J. Tucker,SF,28,0.387,0.45,0.776,6.5,1.7,1.4,-1.8613,0.995575221,1.461538462,7.150715072,0.133333333,0.169014085
80,Paul George,SF,23,0.364,0.458,0.864,6.8,3.5,1.9,-1.8636,1.013274336,1.769230769,7.480748075,0.373333333,0.23943662
81,Perry Jones,SF,23,0.245,0.491,0.676,2,0.4,0.4,-1.8755,1.086283186,1.111888112,2.200220022,-0.04,0.028169014
82,Quincy Acy,SF,23,0.267,0.492,0.66,3.4,0.4,0.4,-1.8733,1.088495575,1.055944056,3.740374037,-0.04,0.028169014
83,Quincy Pondexter,SF,24,0.395,0.463,0.787,2.2,1,0.6,-1.8605,1.024336283,1.5,2.420242024,0.04,0.056338028
84,Reggie Bullock,SF,22,0.301,0.438,0.778,1.3,0.3,0.2,-1.8699,0.969026549,1.468531469,1.430143014,-0.053333333,0
85,Reggie Williams,SF,25,0.308,0.493,0.725,2.8,1.8,0.6,-1.8692,1.090707965,1.283216783,3.080308031,0.146666667,0.056338028
86,Robbie Hummel,SF,25,0.324,0.558,0.792,2.8,0.6,0.4,-1.8676,1.234513274,1.517482517,3.080308031,-0.013333333,0.028169014
87,Robert Covington,SF,24,0.377,0.42,0.812,4.6,1.4,1.5,-1.8623,0.92920354,1.587412587,5.060506051,0.093333333,0.183098592
88,Ronnie Brewer,SF,27,0.303,0.385,0.41,2.3,0.8,0.7,-1.8697,0.851769912,0.181818182,2.530253025,0.013333333,0.070422535
89,Rudy Gay,SF,27,0.33,0.481,0.822,6,2.9,1.3,-1.867,1.064159292,1.622377622,6.600660066,0.293333333,0.154929577
90,Ryan Gomes,SF,29,0.138,0.409,0.727,1.9,0.4,0.5,-1.8862,0.904867257,1.29020979,2.090209021,-0.04,0.042253521
91,Sam Young,SF,26,0.294,0.364,0.731,1.8,0.4,0.5,-1.8706,0.805309735,1.304195804,1.98019802,-0.04,0.042253521
92,Sasha Pavlovic,SF,28,0.293,0.471,0.375,1.6,0.4,0.4,-1.8707,1.042035398,0.059440559,1.760176018,-0.04,0.028169014
93,Shawne Williams,SF,28,0.37,0.505,0.853,2.8,0.8,0.5,-1.863,1.117256637,1.730769231,3.080308031,0.013333333,0.042253521
94,Solomon Hill,SF,23,0.308,0.436,0.82,3.9,2.3,0.9,-1.8692,0.96460177,1.615384615,4.290429043,0.213333333,0.098591549
95,Steve Novak,SF,29,0.425,0.367,0.909,1.9,0.4,0.3,-1.8575,0.811946903,1.926573427,2.090209021,-0.04,0.014084507
96,Terrence Ross,SF,23,0.373,0.437,0.796,3,1,0.6,-1.8627,0.966814159,1.531468531,3.300330033,0.04,0.056338028
97,Tobias Harris,SF,22,0.374,0.493,0.79,6.3,1.9,1.1,-1.8626,1.090707965,1.51048951,6.930693069,0.16,0.126760563
98,Tony Snell,SF,23,0.405,0.463,0.809,2.3,0.7,0.5,-1.8595,1.024336283,1.576923077,2.530253025,0,0.042253521
99,Travis Outlaw,SF,29,0.35,0.426,0.808,2.7,0.8,0.3,-1.865,0.942477876,1.573426573,2.97029703,0.013333333,0.014084507
100,Travis Wear,SF,24,0.379,0.411,0.773,2,0.7,0.3,-1.8621,0.909292035,1.451048951,2.200220022,0,0.014084507
101,Trevor Ariza,SF,28,0.407,0.509,0.772,6.2,2.5,1.6,-1.8593,1.126106195,1.447552448,6.820682068,0.24,0.197183099
102,Tyreke Evans,SF,25,0.295,0.475,0.701,5.3,6.5,1.2,-1.8705,1.050884956,1.199300699,5.830583058,0.773333333,0.14084507
103,Victor Claver,SF,24,0.287,0.48,0.467,2.4,0.9,0.5,-1.8713,1.061946903,0.381118881,2.640264026,0.026666667,0.042253521
104,Wesley Johnson,SF,26,0.369,0.466,0.792,4.4,1.6,1.1,-1.8631,1.030973451,1.517482517,4.840484048,0.12,0.126760563
105,Wilson Chandler,SF,27,0.337,0.493,0.786,5.9,1.6,0.7,-1.8663,1.090707965,1.496503497,6.490649065,0.12,0.070422535
106,Xavier Henry,SF,22,0.346,0.439,0.655,2.7,1.2,1,-1.8654,0.971238938,1.038461538,2.97029703,0.066666667,0.112676056
