id,player,pos,age,threepercent,twopercent,freethrows,assits,trbs,steals,threepercentn,twopercentn,freethrowsn,assistsn,trbsn,stealsn
0,Alec Burks,SG,22,0.35,0.48,0.748,2.7,3.3,0.9,-1.865,0.645833333,1.432176656,3.306788512,0.441176471,0.059701493
1,Alexey Shved,SG,24,0.295,0.435,0.72,3.7,2.3,0.7,-1.8705,0.560606061,1.34384858,4.61227154,0.294117647,0.029850746
2,Allen Crabbe,SG,22,0.373,0.486,0.889,0.8,1.1,0.3,-1.8627,0.65719697,1.876971609,0.826370757,0.117647059,-0.029850746
3,Alonzo Gee,SG,24,0.321,0.442,0.788,1.8,5.1,1.3,-1.8679,0.573863636,1.558359621,2.131853786,0.705882353,0.119402985
4,Andre Iguodala,SG,29,0.317,0.515,0.574,5.4,5.3,1.7,-1.8683,0.712121212,0.883280757,6.831592689,0.735294118,0.179104478
5,Andre Roberson,SG,23,0.243,0.611,0.479,1.1,4,0.8,-1.8757,0.893939394,0.583596215,1.218015666,0.544117647,0.044776119
6,Andrew Goudelock,SG,23,0.373,0.404,0.917,0.5,0.8,0.1,-1.8627,0.501893939,1.965299685,0.434725849,0.073529412,-0.059701493
7,Andrew Wiggins,SG,19,0.33,0.45,0.737,1.8,4.3,1.1,-1.867,0.589015152,1.397476341,2.131853786,0.588235294,0.089552239
8,Anthony Morrow,SG,26,0.371,0.446,0.933,1,2,0.7,-1.8629,0.581439394,2.015772871,1.087467363,0.25,0.029850746
9,Archie Goodwin,SG,19,0.139,0.542,0.673,0.4,1.7,0.4,-1.8861,0.763257576,1.195583596,0.304177546,0.205882353,-0.014925373
10,Arron Afflalo,SG,28,0.427,0.473,0.815,3.4,3.6,0.5,-1.8573,0.632575758,1.643533123,4.220626632,0.485294118,0
11,Austin Rivers,SG,21,0.364,0.416,0.636,2.3,1.9,0.7,-1.8636,0.524621212,1.078864353,2.7845953,0.235294118,0.029850746
12,Avery Bradley,SG,24,0.354,0.462,0.79,1.6,3,1,-1.8646,0.611742424,1.56466877,1.87075718,0.397058824,0.074626866
13,Ben Gordon,SG,28,0.429,0.446,0.86,2.4,2.3,0.7,-1.8571,0.581439394,1.785488959,2.915143603,0.294117647,0.029850746
14,Ben McLemore,SG,21,0.353,0.501,0.833,1.5,2.9,0.8,-1.8647,0.685606061,1.700315457,1.740208877,0.382352941,0.044776119
15,Beno Udrih,SG,29,0.288,0.473,0.709,3.8,1.7,0.6,-1.8712,0.632575758,1.309148265,4.742819843,0.205882353,0.014925373
16,Bradley Beal,SG,20,0.402,0.426,0.788,3.3,3.7,1,-1.8598,0.543560606,1.558359621,4.090078329,0.5,0.074626866
17,Brandon Rush,SG,28,0.34,0.326,0.6,0.6,1.2,0.1,-1.866,0.354166667,0.965299685,0.565274151,0.132352941,-0.059701493
18,C.J. McCollum,SG,22,0.375,0.449,0.676,0.7,1.3,0.4,-1.8625,0.587121212,1.205047319,0.695822454,0.147058824,-0.014925373
19,C.J. Miles,SG,27,0.327,0.445,0.809,1.1,2.8,0.9,-1.8673,0.579545455,1.624605678,1.218015666,0.367647059,0.059701493
20,Charles Jenkins,SG,23,0.5,0.403,0.545,0.7,0.5,0.3,-1.85,0.5,0.791798107,0.695822454,0.029411765,-0.029850746
21,Cory Joseph,SG,22,0.316,0.502,0.823,1.7,1.6,0.5,-1.8684,0.6875,1.668769716,2.001305483,0.191176471,0
22,Courtney Lee,SG,26,0.401,0.452,0.826,1.5,2.7,1.2,-1.8599,0.59280303,1.678233438,1.740208877,0.352941176,0.104477612
23,Daequan Cook,SG,24,0.346,0.441,0.636,0.3,2.1,0.4,-1.8654,0.571969697,1.078864353,0.173629243,0.264705882,-0.014925373
24,Daniel Gibson,SG,25,0.396,0.294,0.791,2.2,2.9,0.7,-1.8604,0.293560606,1.567823344,2.654046997,0.382352941,0.029850746
25,Danny Green,SG,27,0.408,0.48,0.864,1.8,4.4,1.3,-1.8592,0.645833333,1.798107256,2.131853786,0.602941176,0.119402985
26,DeAndre Liggins,SG,24,0.368,0.5,0.5,0.4,1.4,0.5,-1.8632,0.683712121,0.649842271,0.304177546,0.161764706,0
27,DeMar DeRozan,SG,24,0.305,0.451,0.824,4,4.3,1.1,-1.8695,0.590909091,1.67192429,5.003916449,0.588235294,0.089552239
28,Devin Harris,SG,29,0.335,0.549,0.727,3.4,2,1.1,-1.8665,0.776515152,1.365930599,4.220626632,0.25,0.089552239
29,Dion Waiters,SG,22,0.368,0.455,0.685,3,2.8,0.9,-1.8632,0.598484848,1.233438486,3.69843342,0.367647059,0.059701493
30,Donald Sloan,SG,26,0.238,0.453,0.6,1,0.9,0.2,-1.8762,0.59469697,0.965299685,1.087467363,0.088235294,-0.044776119
31,Doron Lamb,SG,22,0.4,0.386,0.806,0.8,0.9,0.2,-1.86,0.46780303,1.615141956,0.826370757,0.088235294,-0.044776119
32,Elijah Millsap,SG,27,0.328,0.309,0.75,1.2,3.1,1.2,-1.8672,0.321969697,1.438485804,1.348563969,0.411764706,0.104477612
33,Elliot Williams,SG,24,0.296,0.486,0.731,1.1,1.9,0.5,-1.8704,0.65719697,1.378548896,1.218015666,0.235294118,0
34,Eric Gordon,SG,24,0.324,0.436,0.842,3.3,1.8,1.1,-1.8676,0.5625,1.728706625,4.090078329,0.220588235,0.089552239
35,E'Twaun Moore,SG,23,0.34,0.424,0.797,2.7,2.2,0.7,-1.866,0.539772727,1.586750789,3.306788512,0.279411765,0.029850746
36,Evan Fournier,SG,22,0.374,0.477,0.716,2.1,2.6,0.7,-1.8626,0.640151515,1.331230284,2.523498695,0.338235294,0.029850746
37,Evan Turner,SG,26,0.298,0.43,0.779,4.9,4.9,0.9,-1.8702,0.551136364,1.529968454,6.178851175,0.676470588,0.059701493
38,Garrett Temple,SG,26,0.325,0.444,0.703,2.3,2.4,1,-1.8675,0.577651515,1.29022082,2.7845953,0.308823529,0.074626866
39,Gary Forbes,SG,26,0.349,0.441,0.725,1.1,2.1,0.5,-1.8651,0.571969697,1.359621451,1.218015666,0.264705882,0
40,Gary Harris,SG,20,0.179,0.329,0.727,0.5,1.2,0.8,-1.8821,0.359848485,1.365930599,0.434725849,0.132352941,0.044776119
41,Gary Neal,SG,29,0.378,0.43,0.895,1.6,1.7,0.3,-1.8622,0.551136364,1.895899054,1.87075718,0.205882353,-0.029850746
42,Gerald Green,SG,28,0.4,0.492,0.848,1.5,3.4,0.9,-1.86,0.668560606,1.747634069,1.740208877,0.455882353,0.059701493
43,Gerald Henderson,SG,25,0.33,0.462,0.824,2.6,3.7,1,-1.867,0.611742424,1.67192429,3.176240209,0.5,0.074626866
44,Giannis Antetokounmpo,SG,20,0.179,0.513,0.738,2.5,6.6,1,-1.8821,0.708333333,1.400630915,3.045691906,0.926470588,0.074626866
45,Goran Dragic,SG,27,0.408,0.542,0.76,5.9,3.2,1.4,-1.8592,0.763257576,1.470031546,7.484334204,0.426470588,0.134328358
46,Greivis Vasquez,SG,27,0.377,0.455,0.88,4.1,2.2,0.4,-1.8623,0.598484848,1.848580442,5.134464752,0.279411765,-0.014925373
47,Henry Walker,SG,24,0.319,0.552,0.85,1.2,2.5,0.6,-1.8681,0.78219697,1.753943218,1.348563969,0.323529412,0.014925373
48,Hollis Thompson,SG,23,0.386,0.428,0.662,1.1,3,0.8,-1.8614,0.547348485,1.160883281,1.218015666,0.397058824,0.044776119
49,Iman Shumpert,SG,24,0.34,0.458,0.686,2.4,3.4,1.3,-1.866,0.604166667,1.23659306,2.915143603,0.455882353,0.119402985
50,J.J. Redick,SG,28,0.366,0.506,0.9,3.8,2.2,0.5,-1.8634,0.695075758,1.911671924,4.742819843,0.279411765,0
51,J.R. Smith,SG,27,0.356,0.458,0.762,2.7,5.3,1.3,-1.8644,0.604166667,1.476340694,3.306788512,0.735294118,0.119402985
52,James Anderson,SG,24,0.328,0.53,0.726,1.9,3.8,0.9,-1.8672,0.740530303,1.362776025,2.262402089,0.514705882,0.059701493
53,James Harden,SG,25,0.375,0.484,0.866,7.1,5.8,1.9,-1.8625,0.653409091,1.804416404,9.050913838,0.808823529,0.208955224
54,Jared Dudley,SG,26,0.383,0.535,0.726,1.7,4.6,0.8,-1.8617,0.75,1.362776025,2.001305483,0.632352941,0.044776119
55,Jarrett Jack,SG,29,0.404,0.466,0.843,5.6,3.1,0.8,-1.8596,0.619318182,1.731861199,7.092689295,0.411764706,0.044776119
56,Jeremy Lamb,SG,21,0.356,0.483,0.797,1.5,2.4,0.7,-1.8644,0.651515152,1.586750789,1.740208877,0.308823529,0.029850746
57,Jimmer Fredette,SG,23,0.417,0.423,0.859,1.3,1,0.4,-1.8583,0.537878788,1.782334385,1.479112272,0.102941176,-0.014925373
58,Jimmy Butler,SG,25,0.351,0.492,0.841,3.3,5.9,1.7,-1.8649,0.668560606,1.72555205,4.090078329,0.823529412,0.179104478
59,Jodie Meeks,SG,26,0.401,0.514,0.857,1.8,2.5,1.4,-1.8599,0.710227273,1.776025237,2.131853786,0.323529412,0.134328358
60,Joe Harris,SG,23,0.387,0.429,0.615,0.5,0.7,0.1,-1.8613,0.549242424,1.012618297,0.434725849,0.058823529,-0.059701493
61,John Jenkins,SG,21,0.384,0.5,0.843,0.9,1.5,0.2,-1.8616,0.683712121,1.731861199,0.95691906,0.176470588,-0.044776119
62,Jordan Crawford,SG,23,0.289,0.451,0.793,3,2.6,0.9,-1.8711,0.590909091,1.574132492,3.69843342,0.338235294,0.059701493
63,Justin Holiday,SG,25,0.349,0.438,0.778,0.7,1.2,0.6,-1.8651,0.566287879,1.52681388,0.695822454,0.132352941,0.014925373
64,K.J. McDaniels,SG,21,0.291,0.453,0.756,1.2,3.4,0.8,-1.8709,0.59469697,1.457413249,1.348563969,0.455882353,0.044776119
65,Kent Bazemore,SG,24,0.336,0.484,0.606,1.4,1.7,0.6,-1.8664,0.653409091,0.984227129,1.609660574,0.205882353,0.014925373
66,Kentavious Caldwell-Pope,SG,21,0.34,0.437,0.686,1.2,3,1.1,-1.866,0.564393939,1.23659306,1.348563969,0.397058824,0.089552239
67,Kevin Martin,SG,28,0.347,0.462,0.894,2.8,2.7,0.7,-1.8653,0.611742424,1.892744479,3.437336815,0.352941176,0.029850746
68,Kim English,SG,24,0.28,0.452,0.724,0.6,0.9,0.4,-1.872,0.59280303,1.356466877,0.565274151,0.088235294,-0.014925373
69,Klay Thompson,SG,24,0.438,0.482,0.876,3,3.2,1.1,-1.8562,0.649621212,1.835962145,3.69843342,0.426470588,0.089552239
70,Lance Stephenson,SG,23,0.352,0.545,0.711,4.6,7.2,0.7,-1.8648,0.768939394,1.315457413,5.787206266,1.014705882,0.029850746
71,Landry Fields,SG,23,0.256,0.523,0.562,2.6,4.2,1.2,-1.8744,0.727272727,0.845425868,3.176240209,0.573529412,0.104477612
72,Leandro Barbosa,SG,29,0.382,0.441,0.815,1.5,2,0.9,-1.8618,0.571969697,1.643533123,1.740208877,0.25,0.059701493
73,Louis Williams,SG,28,0.331,0.461,0.863,1.9,1.8,1.1,-1.8669,0.609848485,1.794952681,2.262402089,0.220588235,0.089552239
74,Marco Belinelli,SG,25,0.377,0.445,0.783,1.5,2.6,0.7,-1.8623,0.579545455,1.542586751,1.740208877,0.338235294,0.029850746
75,Marcus Thornton,SG,24,0.345,0.497,0.865,1.9,3.7,1.4,-1.8655,0.678030303,1.80126183,2.262402089,0.5,0.134328358
76,Marquis Teague,SG,20,0.278,0.327,0.743,1.5,1,0.3,-1.8722,0.356060606,1.416403785,1.740208877,0.102941176,-0.029850746
77,MarShon Brooks,SG,23,0.313,0.463,0.764,2.3,3.6,0.9,-1.8687,0.613636364,1.482649842,2.7845953,0.485294118,0.059701493
78,Matthew Dellavedova,SG,23,0.368,0.461,0.792,2.6,1.7,0.5,-1.8632,0.609848485,1.570977918,3.176240209,0.205882353,0
79,Mickael Pietrus,SG,29,0.335,0.489,0.645,0.6,3.1,0.5,-1.8665,0.662878788,1.107255521,0.565274151,0.411764706,0
80,Mo Williams,SG,29,0.389,0.449,0.9,3.1,1.9,1,-1.8611,0.587121212,1.911671924,3.828981723,0.235294118,0.074626866
81,Monta Ellis,SG,26,0.308,0.462,0.796,6,3.4,1.5,-1.8692,0.611742424,1.583596215,7.614882507,0.455882353,0.149253731
82,Nando De Colo,SG,25,0.378,0.465,0.795,1.9,1.9,0.6,-1.8622,0.617424242,1.58044164,2.262402089,0.235294118,0.014925373
83,Nick Calathes,SG,24,0.311,0.492,0.611,2.9,1.9,0.9,-1.8689,0.668560606,1,3.567885117,0.235294118,0.059701493
84,Nick Young,SG,28,0.386,0.468,0.825,1.5,2.6,0.7,-1.8614,0.623106061,1.675078864,1.740208877,0.338235294,0.029850746
85,Nik Stauskas,SG,21,0.288,0.419,0.872,0.8,1,0.2,-1.8712,0.53030303,1.823343849,0.826370757,0.102941176,-0.044776119
86,O.J. Mayo,SG,25,0.407,0.471,0.82,4.4,3.5,1.1,-1.8593,0.628787879,1.659305994,5.526109661,0.470588235,0.089552239
87,Orlando Johnson,SG,23,0.383,0.419,0.719,0.9,2.2,0.2,-1.8617,0.53030303,1.340694006,0.95691906,0.279411765,-0.044776119
88,P.J. Hairston,SG,22,0.313,0.333,0.85,0.5,2,0.5,-1.8687,0.367424242,1.753943218,0.434725849,0.25,0
89,P.J. Tucker,SG,27,0.314,0.503,0.744,1.4,4.4,0.8,-1.8686,0.689393939,1.41955836,1.609660574,0.602941176,0.044776119
90,Patrick Beverley,SG,25,0.361,0.473,0.814,2.7,3.5,1.4,-1.8639,0.632575758,1.640378549,3.306788512,0.470588235,0.134328358
91,Quincy Pondexter,SG,26,0.319,0.494,0.736,1.2,2.4,0.3,-1.8681,0.672348485,1.394321767,1.348563969,0.308823529,-0.029850746
92,Ramon Sessions,SG,26,0.308,0.427,0.839,3.8,2.8,0.8,-1.8692,0.545454545,1.719242902,4.742819843,0.367647059,0.044776119
93,Randy Foye,SG,28,0.386,0.41,0.859,2.2,2.1,0.7,-1.8614,0.513257576,1.782334385,2.654046997,0.264705882,0.029850746
94,Rodney Hood,SG,22,0.351,0.396,0.712,1.3,2.3,0.5,-1.8649,0.486742424,1.318611987,1.479112272,0.294117647,0
95,Rodney Stuckey,SG,25,0.317,0.452,0.834,3.8,2.6,0.8,-1.8683,0.59280303,1.703470032,4.742819843,0.338235294,0.044776119
96,Ronnie Brewer,SG,26,0.275,0.455,0.56,2.1,3.5,1.1,-1.8725,0.598484848,0.839116719,2.523498695,0.470588235,0.089552239
97,Rudy Fernandez,SG,26,0.328,0.573,0.698,2.4,2.1,1,-1.8672,0.821969697,1.27444795,2.915143603,0.264705882,0.074626866
98,Sam Young,SG,27,0.308,0.438,0.535,0.8,2.2,0.3,-1.8692,0.566287879,0.760252366,0.826370757,0.279411765,-0.029850746
99,Sasha Pavlovic,SG,29,0.3,0.407,0.167,0.8,1.4,0.6,-1.87,0.507575758,-0.400630915,0.826370757,0.161764706,0.014925373
100,Sergey Karasev,SG,21,0.296,0.475,0.763,1.4,2,0.7,-1.8704,0.636363636,1.479495268,1.609660574,0.25,0.029850746
101,Shabazz Muhammad,SG,22,0.392,0.503,0.717,1.2,4.1,0.5,-1.8608,0.689393939,1.334384858,1.348563969,0.558823529,0
102,Shannon Brown,SG,26,0.362,0.446,0.808,1.2,2.7,0.7,-1.8638,0.581439394,1.621451104,1.348563969,0.352941176,0.029850746
103,Shaun Livingston,SG,26,0.667,0.466,0.785,2.1,2.1,0.5,-1.8333,0.619318182,1.548895899,2.523498695,0.264705882,0
104,Sundiata Gaines,SG,25,0.341,0.392,0.615,2.2,1.9,1,-1.8659,0.479166667,1.012618297,2.654046997,0.235294118,0.074626866
105,Terrence Ross,SG,22,0.395,0.458,0.837,1,3.1,0.8,-1.8605,0.604166667,1.712933754,1.087467363,0.411764706,0.044776119
106,Terrence Williams,SG,24,0.348,0.454,0.587,2.2,3.4,0.7,-1.8652,0.596590909,0.924290221,2.654046997,0.455882353,0.029850746
107,Thabo Sefolosha,SG,28,0.419,0.558,0.826,1.5,3.9,1.3,-1.8581,0.793560606,1.678233438,1.740208877,0.529411765,0.119402985
108,Tim Hardaway,SG,22,0.34,0.436,0.805,1.7,2.2,0.3,-1.866,0.5625,1.611987382,2.001305483,0.279411765,-0.029850746
109,Tony Snell,SG,22,0.32,0.456,0.756,0.9,1.6,0.4,-1.868,0.600378788,1.457413249,0.95691906,0.191176471,-0.014925373
110,Tony Wroten,SG,21,0.261,0.473,0.667,5.2,2.9,1.6,-1.8739,0.632575758,1.176656151,6.570496084,0.382352941,0.164179104
111,Troy Daniels,SG,23,0.314,0.333,0.833,0.4,0.6,0.1,-1.8686,0.367424242,1.700315457,0.304177546,0.044117647,-0.059701493
112,Tyreke Evans,SG,22,0.202,0.484,0.779,4.5,4.6,1.3,-1.8798,0.653409091,1.529968454,5.656657963,0.632352941,0.119402985
113,Von Wafer,SG,26,0.359,0.483,0.704,0.9,1.4,0.3,-1.8641,0.651515152,1.293375394,0.95691906,0.161764706,-0.029850746
114,Wayne Ellington,SG,27,0.362,0.458,0.81,1.6,3.3,0.5,-1.8638,0.604166667,1.627760252,1.87075718,0.441176471,0
115,Wesley Matthews,SG,27,0.393,0.49,0.837,2.4,3.5,0.9,-1.8607,0.664772727,1.712933754,2.915143603,0.470588235,0.059701493
116,Will Barton,SG,24,0.298,0.483,0.754,1.3,2.2,0.7,-1.8702,0.651515152,1.451104101,1.479112272,0.279411765,0.029850746
117,Xavier Henry,SG,20,0.412,0.393,0.612,0.8,2.4,0.6,-1.8588,0.481060606,1.003154574,0.826370757,0.308823529,0.014925373
